marijuana (153),
,where can i buy marijuana in vegas
,where can i buy marijuana drug test
,where can i buy marijuana tampons
,where can i buy marijuana detox drinks
,where can i buy marijuana butter
,where can i buy marijuana penny stocks
,where can i buy marijuana vape
,where can i buy marijuana at
,where can i buy marijuana wax
,where can i buy marijuana in oklahoma
,where can i buy marijuana cigarettes
,where can i buy marijuana in edmonton
,where can i buy marijuana in calgary
,where can i get marijuana in vermont
,where can i get marijuana gummy bears
,where can i get marijuana clones near me
,where can i get marijuana tested
,where can i get marijuana in hyderabad
,where can i get marijuana in mumbai
,where can i get marijuana in chennai
,where can i find wild marijuana
,where can i find legal marijuana
,where can i find edible marijuana
,where to get marijuana cartridge
,where to get marijuana wax
,where to get marijuana prescription
,where to get marijuana in texas
,where to get marijuana tested
,where to get marijuana in ohio
,where to get marijuana in new orleans
,where to get marijuana
,where to get marijuana in orlando
,where to get marijuana in mexico city
,where to buy marijuana plants in las vegas
,where to buy marijuana edibles in vegas
,where to buy marijuana in henderson nv
,where to buy marijuana in denver
,where to buy marijuana drug test
,where to buy marijuana penny stocks
,where to buy marijuana in seattle
,where to buy marijuana cbd oil
,how to buy marijuana penny stocks
,how to buy marijuana etf
,how to buy marijuana in oregon
,how to buy marijuana stock in michigan
,how old do you have to be to buy marijuana
,how to buy marijuana in quebec
,how to buy marijuana in bc
,how to buy marijuana in manitoba
,how to buy marijuana in ottawa
,how to buy marijuana in winnipeg
,how to buy marijuana in british columbia
,how to buy marijuana in vancouver
,how to get marijuana
,how to get marijuana smell out of car
,how to get marijuana prescription
,how to get marijuana on a plane
,what to buy at marijuana dispensary
,what to buy to vape marijuana
,what states are legal to buy marijuana
,what marijuana to buy
,what states is it legal to buy marijuana
,who sells legal marijuana
,how can i buy marijuana penny stocks
,how can i buy marijuana in oregon
,how can i buy marijuana in vancouver
,how can i buy marijuana shares
,how can i buy marijuana in washington state
,how much marijuana can i buy in maine
,how can i buy medicinal marijuana
,how can i get marijuana prescribed to me
,how can i get marijuana
,how can i get marijuana in dc
,how do i get marijuana
,how do i get marijuana prescription
,how can i get marijuana out of my hair
,how can i get marijuana prescribed
,how can i get marijuana out of my hair follicles
,how can you get marijuana out of your hair
,how can you get marijuana
,how can you get marijuana on a plane
,where can you buy marijuana in denver
,where can you buy marijuana butter
,where can you buy marijuana at 18
,where can you buy marijuana in the us
,where can you buy marijuana in new hampshire
,where can you buy marijuana in ontario canada
,where can you buy marijuana on cape cod
,where can you buy marijuana in oregon
,where can you buy marijuana cream
,where can you buy marijuana gummy bears
,where can you get marijuana
,where can you get legal marijuana
,where can you get edible marijuana
,where can you get help for marijuana addiction
,where can you get a degree in marijuana
,where can you find wild marijuana
,how many states can you buy marijuana
,how much marijuana can you buy in amsterdam
,how much marijuana can you buy in florida
,how much marijuana can you buy in washington dc
,i want to buy marijuana penny stocks
,i want to buy shares in marijuana
,how much are marijuana gummies
,how much are marijuana edibles
,how much are marijuana plants
,how much are marijuana clones
,how much are marijuana shares
,how much are marijuana cookies
,how much are marijuana pipes
,how much are marijuana moon rocks
,how much are marijuana gummy bears
,how much are marijuana vaporizers
,how much are marijuana cigarettes in colorado
,how much are marijuana brownies
,how much are marijuana vape cartridges
,how much are marijuana cartridges
,how much are marijuana pills
,how much are marijuana cigarettes
,how much is marijuana stock
,how much is marijuana taxed in colorado
,how much is marijuana stock worth
,how much is marijuana wax
,how much is marijuana tax
,how much is marijuana stock right now
,how much is marijuana from a dispensary
,how much is marijuana tax in california
,how much is marijuana in amsterdam
,how much is marijuana tincture
,how much is marijuana in washington dc
,how much is marijuana selling for
,how much is marijuana on the street
,how much is marijuana selling for in canada
,how much is marijuana at a dispensary
,how much is marijuana in ontario
,how much for marijuana clones
,how much for marijuana stock
,how much for marijuana brownies
,how much marijuana for a felony
,how much marijuana for edibles
,how much marijuana for pain
,how much marijuana for a joint
,how much marijuana for pain relief
,how much marijuana for anxiety
,how much marijuana for first time
,how much marijuana for overdose
,how much marijuana for cookies
,how much marijuana for possession charge
,how much marijuana for hair test
,how much marijuana for chronic pain
,how much marijuana for migraine
,how much marijuana is bad for you
,how much for a marijuana plant
find marijuana (44),
,where can i find marijuana near me
,where can i find marijuana
,where can i find marijuana oil
,where can i find marijuana in spanish
,where can i find marijuana in india
,where can i find marijuana in london
,where can i find marijuana in toronto
,where can i find marijuana in istanbul
,where can i find marijuana dispensaries
,where can we find marijuana
,where can i find some marijuana
,where do we find marijuana
,where can i find a marijuana pipe
,where can i find a marijuana leaf
,where to find marijuana near me
,where to find marijuana in michigan
,where to find marijuana jobs
,where to find marijuana in boston
,where to find marijuana in hawaii
,where to find marijuana oil
,where to find marijuana in costa rica
,where to find marijuana in montreal
,where to find marijuana in barcelona
,where to find marijuana in paris
,where to find marijuana in toronto
,where to find marijuana in bangkok
,where to find marijuana in melbourne
,where to find marijuana in rome
,where to find marijuana in munich
,where to find marijuana in sydney
,where to find marijuana
,where to find marijuana in maui
,where to find marijuana in india
,where to find marijuana in colorado
,where to find marijuana in prague
,where to find marijuana in the wild
,where to find marijuana in chicago
,where to find marijuana in kauai
,how can i find marijuana
,how can i find marijuana in tbilisi
,how do i find marijuana seeds
,where can you find marijuana seeds
,where can you find marijuana
,where can you find marijuana plants
medical marijuana (32),
,where can i find medical marijuana
,where can i find a medical marijuana doctor
,where can i find a medical marijuana doctor in ohio
,who sells medical marijuana
,who sells medical marijuana in florida
,who sells medical marijuana in ohio
,how can i buy medical marijuana
,how can i get medical marijuana in florida
,how can i get medical marijuana in ohio
,how can i get medical marijuana in texas
,how can i get medical marijuana for anxiety
,where can you get medical marijuana
,where can you get medical marijuana in ohio
,where can you get medical marijuana in florida
,where can you get medical marijuana in arkansas
,where can you get medical marijuana in pennsylvania
,where can you get medical marijuana in louisiana
,where can you get medical marijuana in texas
,where can you get medical marijuana in new york
,where can you get medical marijuana in illinois
,where can you get medical marijuana in georgia
,where can you get medical marijuana in nj
,states where you can get medical marijuana
,where can you get medical marijuana in pa
,where can you get medical marijuana in mn
,where can you get medical marijuana in oklahoma
,where can you find medical marijuana
,how much medical marijuana can you buy in florida
,how often can you buy medical marijuana
,what do i need to buy medical marijuana
,how much does it cost for medical marijuana
,how much medical marijuana for anxiety
purchase marijuana (27),
,where can i purchase marijuana clones
,where can i purchase marijuana in winnipeg
,where can i purchase marijuana in calgary
,where can you purchase marijuana in maine
,where can i purchase marijuana in san diego
,where to purchase marijuana in vegas
,where to purchase marijuana in bc
,where to purchase marijuana in calgary
,where to purchase marijuana in winnipeg
,where to purchase marijuana in nova scotia
,where is it legal to purchase marijuana
,where to purchase marijuana edibles
,how to purchase marijuana edibles
,how to purchase marijuana tax stamp texas
,how to purchase marijuana in quebec
,how to purchase marijuana
,how old do you have to be to purchase marijuana
,how old to purchase marijuana
,how to purchase marijuana in oregon
,how to purchase marijuana in boston
,what is the legal age to purchase marijuana
,what do you need to purchase marijuana
,what states is it legal to purchase marijuana
,what is required to purchase marijuana
,how can i purchase marijuana
,where can you purchase marijuana in edmonton
,where can you purchase marijuana
marijuana seeds (21),
,where can i buy marijuana seeds in las vegas
,where can i buy marijuana seeds in nevada
,where can i get marijuana seeds in massachusetts
,where can i get marijuana seeds in canada
,where can i purchase marijuana seeds in canada
,where to get marijuana seeds legally
,where to purchase marijuana seeds in colorado
,where to purchase marijuana seeds in massachusetts
,how to purchase marijuana seeds legally
,how to purchase marijuana seeds in california
,how to buy marijuana seeds in australia
,how to buy marijuana seeds in florida
,what is the best site to buy marijuana seeds
,who sells the best marijuana seeds
,where can you buy marijuana seeds in massachusetts
,need to buy marijuana seeds
,how much are marijuana seeds
,how much are marijuana seeds worth
,how much are marijuana seeds in california
,how much is marijuana seeds
,how much for marijuana seeds
marijuana michigan (17),
,where can i buy marijuana in michigan
,where can i get marijuana in michigan
,where can i purchase marijuana in michigan
,where to get marijuana in michigan
,where to purchase marijuana in michigan
,where to buy marijuana in michigan
,how to purchase marijuana in michigan
,how to buy marijuana in michigan
,how can i buy marijuana in michigan
,how soon can i buy marijuana in michigan
,where can you buy marijuana in michigan
,where can you buy marijuana in michigan now
,where can you buy marijuana in michigan legally
,where can you get marijuana in michigan
,where can you get medical marijuana in michigan
,where can you purchase marijuana in michigan
,how much marijuana can you buy in michigan
marijuana nevada (12),
,where can i purchase marijuana in nevada
,where to buy marijuana in nevada
,how to purchase marijuana in nevada
,how to buy marijuana in nevada
,what is needed to purchase marijuana in nevada
,what do i need to purchase marijuana in nevada
,what do you need to buy marijuana in nevada
,where can you buy marijuana in nevada
,where can you purchase recreational marijuana in nevada
,how often can you buy marijuana in nevada
,what do i need to buy marijuana in nevada
,how much is marijuana in nevada
marijuana stocks (12),
,where to buy marijuana stocks in canada
,how to purchase marijuana stocks in canada
,how to buy marijuana stocks on etrade
,how to buy marijuana stocks in california
,how to buy marijuana stocks for dummies
,how to buy marijuana stocks 2017
,how to buy marijuana stocks in ontario
,what marijuana stocks to buy in canada
,how much are marijuana stocks
,how much are marijuana stocks worth
,how much are marijuana stocks going for
,how much are marijuana stocks right now
age marijuana (11),
,what age to buy marijuana in colorado
,what age to buy marijuana
,what age to buy marijuana in canada
,what's the legal age to buy marijuana
,what is the legal age to buy marijuana in canada
,what is the legal age to buy marijuana in washington
,what is the legal age to buy marijuana
,what age do you have to be to buy marijuana
,what is the age to buy marijuana in colorado
,what is the age to buy marijuana in canada
,what is the legal age to buy marijuana in nevada
marijuana canada (11),
,where can i get marijuana in canada
,where can i order marijuana in canada
,where can i purchase marijuana in canada
,where to get marijuana in canada
,how to purchase marijuana in canada
,how to purchase marijuana canada
,how to order marijuana in canada
,who sells marijuana in canada
,how can i buy marijuana in canada
,can i order marijuana from canada
,how can you buy marijuana in canada
marijuana card (11),
,where can i get marijuana card
,where to get marijuana card
,where to get marijuana card near me
,how to get marijuana card
,how to get marijuana card in florida
,how to get marijuana card in az
,how to get marijuana card in california
,how can i get marijuana card
,how do you get marijuana card
,how much is marijuana card
,how much for marijuana card
marijuana oil (11),
,where can i get marijuana oil
,where can i purchase marijuana oil
,where to purchase marijuana oil
,where to order marijuana oil
,how to purchase marijuana oil
,how can i get marijuana oil
,where can you buy marijuana oil
,where can you get marijuana oil
,how much are marijuana oil cartridges
,how much is marijuana oil worth
,how much for marijuana oil
order marijuana (10),
,where to order marijuana in bc
,where to order marijuana alberta
,how to order marijuana in bc
,how to order marijuana vape cartridges
,how to order marijuana delivery
,how to order marijuana in amsterdam
,can i order marijuana through the mail
,can i order marijuana from another province
,how can you order marijuana
,how do you order marijuana
marijuana las vegas (9),
,where can i buy marijuana in las vegas nevada
,where can i purchase marijuana in las vegas
,where can i find marijuana in las vegas
,where to buy marijuana in las vegas nv
,where to find marijuana in las vegas
,what do you need to buy marijuana in las vegas
,how can i buy marijuana in las vegas
,where can you purchase recreational marijuana in las vegas
,how do you buy marijuana in las vegas
marijuana legally (9),
,where can i buy marijuana legally
,where can i purchase marijuana legally
,where can i purchase marijuana legally in california
,where to purchase marijuana legally
,where to buy marijuana legally
,how to purchase marijuana legally
,how to buy marijuana legally
,how can i buy marijuana legally
,where can you buy marijuana legally
marijuana california (8),
,who sells recreational marijuana in california
,how can you get marijuana in california
,where can you get recreational marijuana in california
,where can you purchase recreational marijuana in california
,do i need a license to buy marijuana in california
,do i need a card to buy marijuana in california
,do i need a prescription to buy marijuana in california
,how much is marijuana in california
marijuana near (8),
,where can i get marijuana near me
,where can i purchase marijuana near me
,where can i purchase recreational marijuana near me
,where can i find recreational marijuana near me
,where can i find medical marijuana near me
,where to purchase marijuana near me
,who sells marijuana near me
,who sells recreational marijuana near me
purchase medical marijuana (8),
,where can i purchase medical marijuana
,where can i purchase medical marijuana near me
,how to purchase medical marijuana
,what is required to purchase medical marijuana
,what do you need to purchase medical marijuana
,how can i purchase medical marijuana
,where can you purchase medical marijuana
,how can you purchase medical marijuana
sells marijuana (8),
,who sells marijuana in ontario
,who sells marijuana in winnipeg
,who sells marijuana in edmonton
,who sells marijuana clones
,who sells marijuana detox
,who sells marijuana candy
,who sells marijuana pipe
,how to find someone who sells marijuana
marijuana colorado (7),
,how old to purchase marijuana in colorado
,can i mail order marijuana from colorado
,how often can you buy marijuana in colorado
,how late can you buy marijuana in colorado
,how often can you purchase marijuana in colorado
,do i need a license to buy marijuana in colorado
,do i need a card to buy marijuana in colorado
marijuana license (7),
,where to get marijuana license
,how to get marijuana license
,how can i get marijuana license
,how do i get marijuana license
,how much is marijuana license
,how much is marijuana license in colorado
,how much for marijuana license
marijuana montreal (7),
,where can i buy marijuana in montreal
,where can i get marijuana in montreal
,where can i purchase marijuana in montreal
,where to purchase marijuana in montreal
,where to buy marijuana in montreal
,how to buy marijuana in montreal
,where can you buy marijuana in montreal
marijuana online (7),
,where to order marijuana online ontario
,how to buy marijuana online in alberta
,how to buy marijuana online in toronto
,how to order marijuana online ontario
,how to order marijuana online in alberta
,how to order marijuana online in nova scotia
,can you order marijuana online legally
marijuana toronto (7),
,where can i get marijuana in toronto
,where can i purchase marijuana in toronto
,where to get marijuana in toronto
,where to purchase marijuana in toronto
,where to buy marijuana in toronto
,how to buy marijuana in toronto
,where can you buy marijuana in toronto
medical marijuana card (7),
,how can i get medical marijuana card in florida
,where can you get a medical marijuana card in ohio
,where can you get a medical marijuana card in oklahoma
,how much for medical marijuana card
,how much for a medical marijuana card in az
,how much for a medical marijuana card in michigan
,how much for medical marijuana card florida
order marijuana seeds (7),
,where to order marijuana seeds safely online
,where to order marijuana seeds in the us
,how to order marijuana seeds online safely
,how to order marijuana seeds without getting caught
,how to order marijuana seeds discreetly
,how can i order marijuana seeds
,i want to order marijuana seeds
marijuana medical card (6),
,where can i buy marijuana without a medical card
,where to get marijuana medical card
,how to buy marijuana without a medical card
,how can i get marijuana medical card
,how do i get marijuana medical card
,where can you buy marijuana without a medical card
marijuana purchase (6),
,how much medical marijuana can you purchase
,how much marijuana can you purchase in washington
,how much marijuana can you purchase in nevada
,how much medical marijuana can you purchase in arizona
,how much marijuana can you purchase a day in colorado
,how much marijuana can you purchase in las vegas
need marijuana (6),
,what do i need to buy marijuana
,what do i need to buy marijuana in oregon
,what do i need to buy marijuana in washington
,what do i need to buy marijuana in san diego
,what do i need to buy marijuana in alaska
,need to buy marijuana
order medical marijuana (6),
,where can i order medical marijuana
,where to order medical marijuana seeds
,how to order medical marijuana in florida
,can i order medical marijuana from another state
,can i order medical marijuana
,can i order medical marijuana from colorado
recreational marijuana (6),
,where can i find recreational marijuana
,what is required to purchase recreational marijuana
,who sells recreational marijuana in los angeles
,who sells recreational marijuana in massachusetts
,where can you get recreational marijuana
,how much recreational marijuana can you buy
